name,title,level,facing,categories,description,detail,remediation,metadata,cache_key
auth_rls_initplan,Auth RLS Initialization Plan,WARN,EXTERNAL,"[""PERFORMANCE""]",Detects if calls to \`current_setting()\` and \`auth.<function>()\` in RLS policies are being unnecessarily re-evaluated for each row,Table \`public.courses\` has a row level security policy \`Authenticated users can update courses\` that re-evaluates current_setting() or auth.<function>() for each row. This produces suboptimal query performance at scale. Resolve the issue by replacing \`auth.<function>()\` with \`(select auth.<function>())\`. See [docs](https://supabase.com/docs/guides/database/postgres/row-level-security#call-functions-with-select) for more info.,https://supabase.com/docs/guides/database/database-linter?lint=0003_auth_rls_initplan,"{""name"":""courses"",""type"":""table"",""schema"":""public""}",auth_rls_init_plan_public_courses_Authenticated users can update courses
auth_rls_initplan,Auth RLS Initialization Plan,WARN,EXTERNAL,"[""PERFORMANCE""]",Detects if calls to \`current_setting()\` and \`auth.<function>()\` in RLS policies are being unnecessarily re-evaluated for each row,Table \`public.user_profiles\` has a row level security policy \`Users can view own profile\` that re-evaluates current_setting() or auth.<function>() for each row. This produces suboptimal query performance at scale. Resolve the issue by replacing \`auth.<function>()\` with \`(select auth.<function>())\`. See [docs](https://supabase.com/docs/guides/database/postgres/row-level-security#call-functions-with-select) for more info.,https://supabase.com/docs/guides/database/database-linter?lint=0003_auth_rls_initplan,"{""name"":""user_profiles"",""type"":""table"",""schema"":""public""}",auth_rls_init_plan_public_user_profiles_Users can view own profile
auth_rls_initplan,Auth RLS Initialization Plan,WARN,EXTERNAL,"[""PERFORMANCE""]",Detects if calls to \`current_setting()\` and \`auth.<function>()\` in RLS policies are being unnecessarily re-evaluated for each row,Table \`public.user_profiles\` has a row level security policy \`Users can insert own profile\` that re-evaluates current_setting() or auth.<function>() for each row. This produces suboptimal query performance at scale. Resolve the issue by replacing \`auth.<function>()\` with \`(select auth.<function>())\`. See [docs](https://supabase.com/docs/guides/database/postgres/row-level-security#call-functions-with-select) for more info.,https://supabase.com/docs/guides/database/database-linter?lint=0003_auth_rls_initplan,"{""name"":""user_profiles"",""type"":""table"",""schema"":""public""}",auth_rls_init_plan_public_user_profiles_Users can insert own profile
auth_rls_initplan,Auth RLS Initialization Plan,WARN,EXTERNAL,"[""PERFORMANCE""]",Detects if calls to \`current_setting()\` and \`auth.<function>()\` in RLS policies are being unnecessarily re-evaluated for each row,Table \`public.user_profiles\` has a row level security policy \`Users can update own profile\` that re-evaluates current_setting() or auth.<function>() for each row. This produces suboptimal query performance at scale. Resolve the issue by replacing \`auth.<function>()\` with \`(select auth.<function>())\`. See [docs](https://supabase.com/docs/guides/database/postgres/row-level-security#call-functions-with-select) for more info.,https://supabase.com/docs/guides/database/database-linter?lint=0003_auth_rls_initplan,"{""name"":""user_profiles"",""type"":""table"",""schema"":""public""}",auth_rls_init_plan_public_user_profiles_Users can update own profile
auth_rls_initplan,Auth RLS Initialization Plan,WARN,EXTERNAL,"[""PERFORMANCE""]",Detects if calls to \`current_setting()\` and \`auth.<function>()\` in RLS policies are being unnecessarily re-evaluated for each row,Table \`public.courses\` has a row level security policy \`Authenticated users can create courses\` that re-evaluates current_setting() or auth.<function>() for each row. This produces suboptimal query performance at scale. Resolve the issue by replacing \`auth.<function>()\` with \`(select auth.<function>())\`. See [docs](https://supabase.com/docs/guides/database/postgres/row-level-security#call-functions-with-select) for more info.,https://supabase.com/docs/guides/database/database-linter?lint=0003_auth_rls_initplan,"{""name"":""courses"",""type"":""table"",""schema"":""public""}",auth_rls_init_plan_public_courses_Authenticated users can create courses
auth_rls_initplan,Auth RLS Initialization Plan,WARN,EXTERNAL,"[""PERFORMANCE""]",Detects if calls to \`current_setting()\` and \`auth.<function>()\` in RLS policies are being unnecessarily re-evaluated for each row,Table \`public.courses\` has a row level security policy \`Users can update own courses\` that re-evaluates current_setting() or auth.<function>() for each row. This produces suboptimal query performance at scale. Resolve the issue by replacing \`auth.<function>()\` with \`(select auth.<function>())\`. See [docs](https://supabase.com/docs/guides/database/postgres/row-level-security#call-functions-with-select) for more info.,https://supabase.com/docs/guides/database/database-linter?lint=0003_auth_rls_initplan,"{""name"":""courses"",""type"":""table"",""schema"":""public""}",auth_rls_init_plan_public_courses_Users can update own courses
auth_rls_initplan,Auth RLS Initialization Plan,WARN,EXTERNAL,"[""PERFORMANCE""]",Detects if calls to \`current_setting()\` and \`auth.<function>()\` in RLS policies are being unnecessarily re-evaluated for each row,Table \`public.courses\` has a row level security policy \`Users can delete own courses\` that re-evaluates current_setting() or auth.<function>() for each row. This produces suboptimal query performance at scale. Resolve the issue by replacing \`auth.<function>()\` with \`(select auth.<function>())\`. See [docs](https://supabase.com/docs/guides/database/postgres/row-level-security#call-functions-with-select) for more info.,https://supabase.com/docs/guides/database/database-linter?lint=0003_auth_rls_initplan,"{""name"":""courses"",""type"":""table"",""schema"":""public""}",auth_rls_init_plan_public_courses_Users can delete own courses
auth_rls_initplan,Auth RLS Initialization Plan,WARN,EXTERNAL,"[""PERFORMANCE""]",Detects if calls to \`current_setting()\` and \`auth.<function>()\` in RLS policies are being unnecessarily re-evaluated for each row,Table \`public.rounds\` has a row level security policy \`Users can view own rounds\` that re-evaluates current_setting() or auth.<function>() for each row. This produces suboptimal query performance at scale. Resolve the issue by replacing \`auth.<function>()\` with \`(select auth.<function>())\`. See [docs](https://supabase.com/docs/guides/database/postgres/row-level-security#call-functions-with-select) for more info.,https://supabase.com/docs/guides/database/database-linter?lint=0003_auth_rls_initplan,"{""name"":""rounds"",""type"":""table"",""schema"":""public""}",auth_rls_init_plan_public_rounds_Users can view own rounds
auth_rls_initplan,Auth RLS Initialization Plan,WARN,EXTERNAL,"[""PERFORMANCE""]",Detects if calls to \`current_setting()\` and \`auth.<function>()\` in RLS policies are being unnecessarily re-evaluated for each row,Table \`public.rounds\` has a row level security policy \`Users can insert own rounds\` that re-evaluates current_setting() or auth.<function>() for each row. This produces suboptimal query performance at scale. Resolve the issue by replacing \`auth.<function>()\` with \`(select auth.<function>())\`. See [docs](https://supabase.com/docs/guides/database/postgres/row-level-security#call-functions-with-select) for more info.,https://supabase.com/docs/guides/database/database-linter?lint=0003_auth_rls_initplan,"{""name"":""rounds"",""type"":""table"",""schema"":""public""}",auth_rls_init_plan_public_rounds_Users can insert own rounds
auth_rls_initplan,Auth RLS Initialization Plan,WARN,EXTERNAL,"[""PERFORMANCE""]",Detects if calls to \`current_setting()\` and \`auth.<function>()\` in RLS policies are being unnecessarily re-evaluated for each row,Table \`public.rounds\` has a row level security policy \`Users can update own rounds\` that re-evaluates current_setting() or auth.<function>() for each row. This produces suboptimal query performance at scale. Resolve the issue by replacing \`auth.<function>()\` with \`(select auth.<function>())\`. See [docs](https://supabase.com/docs/guides/database/postgres/row-level-security#call-functions-with-select) for more info.,https://supabase.com/docs/guides/database/database-linter?lint=0003_auth_rls_initplan,"{""name"":""rounds"",""type"":""table"",""schema"":""public""}",auth_rls_init_plan_public_rounds_Users can update own rounds
auth_rls_initplan,Auth RLS Initialization Plan,WARN,EXTERNAL,"[""PERFORMANCE""]",Detects if calls to \`current_setting()\` and \`auth.<function>()\` in RLS policies are being unnecessarily re-evaluated for each row,Table \`public.rounds\` has a row level security policy \`Users can delete own rounds\` that re-evaluates current_setting() or auth.<function>() for each row. This produces suboptimal query performance at scale. Resolve the issue by replacing \`auth.<function>()\` with \`(select auth.<function>())\`. See [docs](https://supabase.com/docs/guides/database/postgres/row-level-security#call-functions-with-select) for more info.,https://supabase.com/docs/guides/database/database-linter?lint=0003_auth_rls_initplan,"{""name"":""rounds"",""type"":""table"",""schema"":""public""}",auth_rls_init_plan_public_rounds_Users can delete own rounds
auth_rls_initplan,Auth RLS Initialization Plan,WARN,EXTERNAL,"[""PERFORMANCE""]",Detects if calls to \`current_setting()\` and \`auth.<function>()\` in RLS policies are being unnecessarily re-evaluated for each row,Table \`public.scores\` has a row level security policy \`Users can view own scores\` that re-evaluates current_setting() or auth.<function>() for each row. This produces suboptimal query performance at scale. Resolve the issue by replacing \`auth.<function>()\` with \`(select auth.<function>())\`. See [docs](https://supabase.com/docs/guides/database/postgres/row-level-security#call-functions-with-select) for more info.,https://supabase.com/docs/guides/database/database-linter?lint=0003_auth_rls_initplan,"{""name"":""scores"",""type"":""table"",""schema"":""public""}",auth_rls_init_plan_public_scores_Users can view own scores
auth_rls_initplan,Auth RLS Initialization Plan,WARN,EXTERNAL,"[""PERFORMANCE""]",Detects if calls to \`current_setting()\` and \`auth.<function>()\` in RLS policies are being unnecessarily re-evaluated for each row,Table \`public.scores\` has a row level security policy \`Users can insert own scores\` that re-evaluates current_setting() or auth.<function>() for each row. This produces suboptimal query performance at scale. Resolve the issue by replacing \`auth.<function>()\` with \`(select auth.<function>())\`. See [docs](https://supabase.com/docs/guides/database/postgres/row-level-security#call-functions-with-select) for more info.,https://supabase.com/docs/guides/database/database-linter?lint=0003_auth_rls_initplan,"{""name"":""scores"",""type"":""table"",""schema"":""public""}",auth_rls_init_plan_public_scores_Users can insert own scores
auth_rls_initplan,Auth RLS Initialization Plan,WARN,EXTERNAL,"[""PERFORMANCE""]",Detects if calls to \`current_setting()\` and \`auth.<function>()\` in RLS policies are being unnecessarily re-evaluated for each row,Table \`public.scores\` has a row level security policy \`Users can update own scores\` that re-evaluates current_setting() or auth.<function>() for each row. This produces suboptimal query performance at scale. Resolve the issue by replacing \`auth.<function>()\` with \`(select auth.<function>())\`. See [docs](https://supabase.com/docs/guides/database/postgres/row-level-security#call-functions-with-select) for more info.,https://supabase.com/docs/guides/database/database-linter?lint=0003_auth_rls_initplan,"{""name"":""scores"",""type"":""table"",""schema"":""public""}",auth_rls_init_plan_public_scores_Users can update own scores
auth_rls_initplan,Auth RLS Initialization Plan,WARN,EXTERNAL,"[""PERFORMANCE""]",Detects if calls to \`current_setting()\` and \`auth.<function>()\` in RLS policies are being unnecessarily re-evaluated for each row,Table \`public.scores\` has a row level security policy \`Users can delete own scores\` that re-evaluates current_setting() or auth.<function>() for each row. This produces suboptimal query performance at scale. Resolve the issue by replacing \`auth.<function>()\` with \`(select auth.<function>())\`. See [docs](https://supabase.com/docs/guides/database/postgres/row-level-security#call-functions-with-select) for more info.,https://supabase.com/docs/guides/database/database-linter?lint=0003_auth_rls_initplan,"{""name"":""scores"",""type"":""table"",""schema"":""public""}",auth_rls_init_plan_public_scores_Users can delete own scores
auth_rls_initplan,Auth RLS Initialization Plan,WARN,EXTERNAL,"[""PERFORMANCE""]",Detects if calls to \`current_setting()\` and \`auth.<function>()\` in RLS policies are being unnecessarily re-evaluated for each row,Table \`public.friendships\` has a row level security policy \`Users can view own friendships\` that re-evaluates current_setting() or auth.<function>() for each row. This produces suboptimal query performance at scale. Resolve the issue by replacing \`auth.<function>()\` with \`(select auth.<function>())\`. See [docs](https://supabase.com/docs/guides/database/postgres/row-level-security#call-functions-with-select) for more info.,https://supabase.com/docs/guides/database/database-linter?lint=0003_auth_rls_initplan,"{""name"":""friendships"",""type"":""table"",""schema"":""public""}",auth_rls_init_plan_public_friendships_Users can view own friendships
auth_rls_initplan,Auth RLS Initialization Plan,WARN,EXTERNAL,"[""PERFORMANCE""]",Detects if calls to \`current_setting()\` and \`auth.<function>()\` in RLS policies are being unnecessarily re-evaluated for each row,Table \`public.friendships\` has a row level security policy \`Users can create friendships\` that re-evaluates current_setting() or auth.<function>() for each row. This produces suboptimal query performance at scale. Resolve the issue by replacing \`auth.<function>()\` with \`(select auth.<function>())\`. See [docs](https://supabase.com/docs/guides/database/postgres/row-level-security#call-functions-with-select) for more info.,https://supabase.com/docs/guides/database/database-linter?lint=0003_auth_rls_initplan,"{""name"":""friendships"",""type"":""table"",""schema"":""public""}",auth_rls_init_plan_public_friendships_Users can create friendships
auth_rls_initplan,Auth RLS Initialization Plan,WARN,EXTERNAL,"[""PERFORMANCE""]",Detects if calls to \`current_setting()\` and \`auth.<function>()\` in RLS policies are being unnecessarily re-evaluated for each row,Table \`public.friendships\` has a row level security policy \`Users can update own friendships\` that re-evaluates current_setting() or auth.<function>() for each row. This produces suboptimal query performance at scale. Resolve the issue by replacing \`auth.<function>()\` with \`(select auth.<function>())\`. See [docs](https://supabase.com/docs/guides/database/postgres/row-level-security#call-functions-with-select) for more info.,https://supabase.com/docs/guides/database/database-linter?lint=0003_auth_rls_initplan,"{""name"":""friendships"",""type"":""table"",""schema"":""public""}",auth_rls_init_plan_public_friendships_Users can update own friendships
auth_rls_initplan,Auth RLS Initialization Plan,WARN,EXTERNAL,"[""PERFORMANCE""]",Detects if calls to \`current_setting()\` and \`auth.<function>()\` in RLS policies are being unnecessarily re-evaluated for each row,Table \`public.friendships\` has a row level security policy \`Users can delete own friendships\` that re-evaluates current_setting() or auth.<function>() for each row. This produces suboptimal query performance at scale. Resolve the issue by replacing \`auth.<function>()\` with \`(select auth.<function>())\`. See [docs](https://supabase.com/docs/guides/database/postgres/row-level-security#call-functions-with-select) for more info.,https://supabase.com/docs/guides/database/database-linter?lint=0003_auth_rls_initplan,"{""name"":""friendships"",""type"":""table"",""schema"":""public""}",auth_rls_init_plan_public_friendships_Users can delete own friendships
auth_rls_initplan,Auth RLS Initialization Plan,WARN,EXTERNAL,"[""PERFORMANCE""]",Detects if calls to \`current_setting()\` and \`auth.<function>()\` in RLS policies are being unnecessarily re-evaluated for each row,Table \`public.friend_activities\` has a row level security policy \`Users can view friend activities\` that re-evaluates current_setting() or auth.<function>() for each row. This produces suboptimal query performance at scale. Resolve the issue by replacing \`auth.<function>()\` with \`(select auth.<function>())\`. See [docs](https://supabase.com/docs/guides/database/postgres/row-level-security#call-functions-with-select) for more info.,https://supabase.com/docs/guides/database/database-linter?lint=0003_auth_rls_initplan,"{""name"":""friend_activities"",""type"":""table"",""schema"":""public""}",auth_rls_init_plan_public_friend_activities_Users can view friend activities
auth_rls_initplan,Auth RLS Initialization Plan,WARN,EXTERNAL,"[""PERFORMANCE""]",Detects if calls to \`current_setting()\` and \`auth.<function>()\` in RLS policies are being unnecessarily re-evaluated for each row,Table \`public.friend_activities\` has a row level security policy \`Users can insert own activities\` that re-evaluates current_setting() or auth.<function>() for each row. This produces suboptimal query performance at scale. Resolve the issue by replacing \`auth.<function>()\` with \`(select auth.<function>())\`. See [docs](https://supabase.com/docs/guides/database/postgres/row-level-security#call-functions-with-select) for more info.,https://supabase.com/docs/guides/database/database-linter?lint=0003_auth_rls_initplan,"{""name"":""friend_activities"",""type"":""table"",""schema"":""public""}",auth_rls_init_plan_public_friend_activities_Users can insert own activities
auth_rls_initplan,Auth RLS Initialization Plan,WARN,EXTERNAL,"[""PERFORMANCE""]",Detects if calls to \`current_setting()\` and \`auth.<function>()\` in RLS policies are being unnecessarily re-evaluated for each row,Table \`public.friend_invites\` has a row level security policy \`Inviter can view own invites\` that re-evaluates current_setting() or auth.<function>() for each row. This produces suboptimal query performance at scale. Resolve the issue by replacing \`auth.<function>()\` with \`(select auth.<function>())\`. See [docs](https://supabase.com/docs/guides/database/postgres/row-level-security#call-functions-with-select) for more info.,https://supabase.com/docs/guides/database/database-linter?lint=0003_auth_rls_initplan,"{""name"":""friend_invites"",""type"":""table"",""schema"":""public""}",auth_rls_init_plan_public_friend_invites_Inviter can view own invites
auth_rls_initplan,Auth RLS Initialization Plan,WARN,EXTERNAL,"[""PERFORMANCE""]",Detects if calls to \`current_setting()\` and \`auth.<function>()\` in RLS policies are being unnecessarily re-evaluated for each row,Table \`public.friend_invites\` has a row level security policy \`Inviter can create invites\` that re-evaluates current_setting() or auth.<function>() for each row. This produces suboptimal query performance at scale. Resolve the issue by replacing \`auth.<function>()\` with \`(select auth.<function>())\`. See [docs](https://supabase.com/docs/guides/database/postgres/row-level-security#call-functions-with-select) for more info.,https://supabase.com/docs/guides/database/database-linter?lint=0003_auth_rls_initplan,"{""name"":""friend_invites"",""type"":""table"",""schema"":""public""}",auth_rls_init_plan_public_friend_invites_Inviter can create invites
auth_rls_initplan,Auth RLS Initialization Plan,WARN,EXTERNAL,"[""PERFORMANCE""]",Detects if calls to \`current_setting()\` and \`auth.<function>()\` in RLS policies are being unnecessarily re-evaluated for each row,Table \`public.friend_invites\` has a row level security policy \`Inviter can update own invites\` that re-evaluates current_setting() or auth.<function>() for each row. This produces suboptimal query performance at scale. Resolve the issue by replacing \`auth.<function>()\` with \`(select auth.<function>())\`. See [docs](https://supabase.com/docs/guides/database/postgres/row-level-security#call-functions-with-select) for more info.,https://supabase.com/docs/guides/database/database-linter?lint=0003_auth_rls_initplan,"{""name"":""friend_invites"",""type"":""table"",""schema"":""public""}",auth_rls_init_plan_public_friend_invites_Inviter can update own invites
auth_rls_initplan,Auth RLS Initialization Plan,WARN,EXTERNAL,"[""PERFORMANCE""]",Detects if calls to \`current_setting()\` and \`auth.<function>()\` in RLS policies are being unnecessarily re-evaluated for each row,Table \`public.round_friends\` has a row level security policy \`Select own or friend's round_friends\` that re-evaluates current_setting() or auth.<function>() for each row. This produces suboptimal query performance at scale. Resolve the issue by replacing \`auth.<function>()\` with \`(select auth.<function>())\`. See [docs](https://supabase.com/docs/guides/database/postgres/row-level-security#call-functions-with-select) for more info.,https://supabase.com/docs/guides/database/database-linter?lint=0003_auth_rls_initplan,"{""name"":""round_friends"",""type"":""table"",""schema"":""public""}",auth_rls_init_plan_public_round_friends_Select own or friend's round_friends
auth_rls_initplan,Auth RLS Initialization Plan,WARN,EXTERNAL,"[""PERFORMANCE""]",Detects if calls to \`current_setting()\` and \`auth.<function>()\` in RLS policies are being unnecessarily re-evaluated for each row,Table \`public.round_friends\` has a row level security policy \`Owner can insert round_friends\` that re-evaluates current_setting() or auth.<function>() for each row. This produces suboptimal query performance at scale. Resolve the issue by replacing \`auth.<function>()\` with \`(select auth.<function>())\`. See [docs](https://supabase.com/docs/guides/database/postgres/row-level-security#call-functions-with-select) for more info.,https://supabase.com/docs/guides/database/database-linter?lint=0003_auth_rls_initplan,"{""name"":""round_friends"",""type"":""table"",""schema"":""public""}",auth_rls_init_plan_public_round_friends_Owner can insert round_friends
auth_rls_initplan,Auth RLS Initialization Plan,WARN,EXTERNAL,"[""PERFORMANCE""]",Detects if calls to \`current_setting()\` and \`auth.<function>()\` in RLS policies are being unnecessarily re-evaluated for each row,Table \`public.round_friends\` has a row level security policy \`Owner can delete round_friends\` that re-evaluates current_setting() or auth.<function>() for each row. This produces suboptimal query performance at scale. Resolve the issue by replacing \`auth.<function>()\` with \`(select auth.<function>())\`. See [docs](https://supabase.com/docs/guides/database/postgres/row-level-security#call-functions-with-select) for more info.,https://supabase.com/docs/guides/database/database-linter?lint=0003_auth_rls_initplan,"{""name"":""round_friends"",""type"":""table"",""schema"":""public""}",auth_rls_init_plan_public_round_friends_Owner can delete round_friends
multiple_permissive_policies,Multiple Permissive Policies,WARN,EXTERNAL,"[""PERFORMANCE""]",Detects if multiple permissive row level security policies are present on a table for the same \`role\` and \`action\` (e.g. insert). Multiple permissive policies are suboptimal for performance as each policy must be executed for every relevant query.,"Table \`public.courses\` has multiple permissive policies for role \`anon\` for action \`DELETE\`. Policies include \`{""Users can delete own courses"",courses_creator_delete}\`",https://supabase.com/docs/guides/database/database-linter?lint=0006_multiple_permissive_policies,"{""name"":""courses"",""type"":""table"",""schema"":""public""}",multiple_permissive_policies_public_courses_anon_DELETE
multiple_permissive_policies,Multiple Permissive Policies,WARN,EXTERNAL,"[""PERFORMANCE""]",Detects if multiple permissive row level security policies are present on a table for the same \`role\` and \`action\` (e.g. insert). Multiple permissive policies are suboptimal for performance as each policy must be executed for every relevant query.,"Table \`public.courses\` has multiple permissive policies for role \`anon\` for action \`INSERT\`. Policies include \`{""Authenticated users can create courses"",courses_creator_insert}\`",https://supabase.com/docs/guides/database/database-linter?lint=0006_multiple_permissive_policies,"{""name"":""courses"",""type"":""table"",""schema"":""public""}",multiple_permissive_policies_public_courses_anon_INSERT
multiple_permissive_policies,Multiple Permissive Policies,WARN,EXTERNAL,"[""PERFORMANCE""]",Detects if multiple permissive row level security policies are present on a table for the same \`role\` and \`action\` (e.g. insert). Multiple permissive policies are suboptimal for performance as each policy must be executed for every relevant query.,"Table \`public.courses\` has multiple permissive policies for role \`anon\` for action \`SELECT\`. Policies include \`{""Anyone can view courses"",courses_read_all}\`",https://supabase.com/docs/guides/database/database-linter?lint=0006_multiple_permissive_policies,"{""name"":""courses"",""type"":""table"",""schema"":""public""}",multiple_permissive_policies_public_courses_anon_SELECT
multiple_permissive_policies,Multiple Permissive Policies,WARN,EXTERNAL,"[""PERFORMANCE""]",Detects if multiple permissive row level security policies are present on a table for the same \`role\` and \`action\` (e.g. insert). Multiple permissive policies are suboptimal for performance as each policy must be executed for every relevant query.,"Table \`public.courses\` has multiple permissive policies for role \`anon\` for action \`UPDATE\`. Policies include \`{""Authenticated users can update courses"",""Users can update own courses"",courses_creator_write}\`",https://supabase.com/docs/guides/database/database-linter?lint=0006_multiple_permissive_policies,"{""name"":""courses"",""type"":""table"",""schema"":""public""}",multiple_permissive_policies_public_courses_anon_UPDATE
multiple_permissive_policies,Multiple Permissive Policies,WARN,EXTERNAL,"[""PERFORMANCE""]",Detects if multiple permissive row level security policies are present on a table for the same \`role\` and \`action\` (e.g. insert). Multiple permissive policies are suboptimal for performance as each policy must be executed for every relevant query.,"Table \`public.courses\` has multiple permissive policies for role \`authenticated\` for action \`DELETE\`. Policies include \`{""Users can delete own courses"",courses_creator_delete}\`",https://supabase.com/docs/guides/database/database-linter?lint=0006_multiple_permissive_policies,"{""name"":""courses"",""type"":""table"",""schema"":""public""}",multiple_permissive_policies_public_courses_authenticated_DELETE
multiple_permissive_policies,Multiple Permissive Policies,WARN,EXTERNAL,"[""PERFORMANCE""]",Detects if multiple permissive row level security policies are present on a table for the same \`role\` and \`action\` (e.g. insert). Multiple permissive policies are suboptimal for performance as each policy must be executed for every relevant query.,"Table \`public.courses\` has multiple permissive policies for role \`authenticated\` for action \`INSERT\`. Policies include \`{""Authenticated users can create courses"",courses_creator_insert}\`",https://supabase.com/docs/guides/database/database-linter?lint=0006_multiple_permissive_policies,"{""name"":""courses"",""type"":""table"",""schema"":""public""}",multiple_permissive_policies_public_courses_authenticated_INSERT
multiple_permissive_policies,Multiple Permissive Policies,WARN,EXTERNAL,"[""PERFORMANCE""]",Detects if multiple permissive row level security policies are present on a table for the same \`role\` and \`action\` (e.g. insert). Multiple permissive policies are suboptimal for performance as each policy must be executed for every relevant query.,"Table \`public.courses\` has multiple permissive policies for role \`authenticated\` for action \`SELECT\`. Policies include \`{""Anyone can view courses"",courses_read_all}\`",https://supabase.com/docs/guides/database/database-linter?lint=0006_multiple_permissive_policies,"{""name"":""courses"",""type"":""table"",""schema"":""public""}",multiple_permissive_policies_public_courses_authenticated_SELECT
multiple_permissive_policies,Multiple Permissive Policies,WARN,EXTERNAL,"[""PERFORMANCE""]",Detects if multiple permissive row level security policies are present on a table for the same \`role\` and \`action\` (e.g. insert). Multiple permissive policies are suboptimal for performance as each policy must be executed for every relevant query.,"Table \`public.courses\` has multiple permissive policies for role \`authenticated\` for action \`UPDATE\`. Policies include \`{""Authenticated users can update courses"",""Users can update own courses"",courses_creator_write}\`",https://supabase.com/docs/guides/database/database-linter?lint=0006_multiple_permissive_policies,"{""name"":""courses"",""type"":""table"",""schema"":""public""}",multiple_permissive_policies_public_courses_authenticated_UPDATE
multiple_permissive_policies,Multiple Permissive Policies,WARN,EXTERNAL,"[""PERFORMANCE""]",Detects if multiple permissive row level security policies are present on a table for the same \`role\` and \`action\` (e.g. insert). Multiple permissive policies are suboptimal for performance as each policy must be executed for every relevant query.,"Table \`public.courses\` has multiple permissive policies for role \`authenticator\` for action \`DELETE\`. Policies include \`{""Users can delete own courses"",courses_creator_delete}\`",https://supabase.com/docs/guides/database/database-linter?lint=0006_multiple_permissive_policies,"{""name"":""courses"",""type"":""table"",""schema"":""public""}",multiple_permissive_policies_public_courses_authenticator_DELETE
multiple_permissive_policies,Multiple Permissive Policies,WARN,EXTERNAL,"[""PERFORMANCE""]",Detects if multiple permissive row level security policies are present on a table for the same \`role\` and \`action\` (e.g. insert). Multiple permissive policies are suboptimal for performance as each policy must be executed for every relevant query.,"Table \`public.courses\` has multiple permissive policies for role \`authenticator\` for action \`INSERT\`. Policies include \`{""Authenticated users can create courses"",courses_creator_insert}\`",https://supabase.com/docs/guides/database/database-linter?lint=0006_multiple_permissive_policies,"{""name"":""courses"",""type"":""table"",""schema"":""public""}",multiple_permissive_policies_public_courses_authenticator_INSERT
multiple_permissive_policies,Multiple Permissive Policies,WARN,EXTERNAL,"[""PERFORMANCE""]",Detects if multiple permissive row level security policies are present on a table for the same \`role\` and \`action\` (e.g. insert). Multiple permissive policies are suboptimal for performance as each policy must be executed for every relevant query.,"Table \`public.courses\` has multiple permissive policies for role \`authenticator\` for action \`SELECT\`. Policies include \`{""Anyone can view courses"",courses_read_all}\`",https://supabase.com/docs/guides/database/database-linter?lint=0006_multiple_permissive_policies,"{""name"":""courses"",""type"":""table"",""schema"":""public""}",multiple_permissive_policies_public_courses_authenticator_SELECT
multiple_permissive_policies,Multiple Permissive Policies,WARN,EXTERNAL,"[""PERFORMANCE""]",Detects if multiple permissive row level security policies are present on a table for the same \`role\` and \`action\` (e.g. insert). Multiple permissive policies are suboptimal for performance as each policy must be executed for every relevant query.,"Table \`public.courses\` has multiple permissive policies for role \`authenticator\` for action \`UPDATE\`. Policies include \`{""Authenticated users can update courses"",""Users can update own courses"",courses_creator_write}\`",https://supabase.com/docs/guides/database/database-linter?lint=0006_multiple_permissive_policies,"{""name"":""courses"",""type"":""table"",""schema"":""public""}",multiple_permissive_policies_public_courses_authenticator_UPDATE
multiple_permissive_policies,Multiple Permissive Policies,WARN,EXTERNAL,"[""PERFORMANCE""]",Detects if multiple permissive row level security policies are present on a table for the same \`role\` and \`action\` (e.g. insert). Multiple permissive policies are suboptimal for performance as each policy must be executed for every relevant query.,"Table \`public.courses\` has multiple permissive policies for role \`dashboard_user\` for action \`DELETE\`. Policies include \`{""Users can delete own courses"",courses_creator_delete}\`",https://supabase.com/docs/guides/database/database-linter?lint=0006_multiple_permissive_policies,"{""name"":""courses"",""type"":""table"",""schema"":""public""}",multiple_permissive_policies_public_courses_dashboard_user_DELETE
multiple_permissive_policies,Multiple Permissive Policies,WARN,EXTERNAL,"[""PERFORMANCE""]",Detects if multiple permissive row level security policies are present on a table for the same \`role\` and \`action\` (e.g. insert). Multiple permissive policies are suboptimal for performance as each policy must be executed for every relevant query.,"Table \`public.courses\` has multiple permissive policies for role \`dashboard_user\` for action \`INSERT\`. Policies include \`{""Authenticated users can create courses"",courses_creator_insert}\`",https://supabase.com/docs/guides/database/database-linter?lint=0006_multiple_permissive_policies,"{""name"":""courses"",""type"":""table"",""schema"":""public""}",multiple_permissive_policies_public_courses_dashboard_user_INSERT
multiple_permissive_policies,Multiple Permissive Policies,WARN,EXTERNAL,"[""PERFORMANCE""]",Detects if multiple permissive row level security policies are present on a table for the same \`role\` and \`action\` (e.g. insert). Multiple permissive policies are suboptimal for performance as each policy must be executed for every relevant query.,"Table \`public.courses\` has multiple permissive policies for role \`dashboard_user\` for action \`SELECT\`. Policies include \`{""Anyone can view courses"",courses_read_all}\`",https://supabase.com/docs/guides/database/database-linter?lint=0006_multiple_permissive_policies,"{""name"":""courses"",""type"":""table"",""schema"":""public""}",multiple_permissive_policies_public_courses_dashboard_user_SELECT
multiple_permissive_policies,Multiple Permissive Policies,WARN,EXTERNAL,"[""PERFORMANCE""]",Detects if multiple permissive row level security policies are present on a table for the same \`role\` and \`action\` (e.g. insert). Multiple permissive policies are suboptimal for performance as each policy must be executed for every relevant query.,"Table \`public.courses\` has multiple permissive policies for role \`dashboard_user\` for action \`UPDATE\`. Policies include \`{""Authenticated users can update courses"",""Users can update own courses"",courses_creator_write}\`",https://supabase.com/docs/guides/database/database-linter?lint=0006_multiple_permissive_policies,"{""name"":""courses"",""type"":""table"",""schema"":""public""}",multiple_permissive_policies_public_courses_dashboard_user_UPDATE
multiple_permissive_policies,Multiple Permissive Policies,WARN,EXTERNAL,"[""PERFORMANCE""]",Detects if multiple permissive row level security policies are present on a table for the same \`role\` and \`action\` (e.g. insert). Multiple permissive policies are suboptimal for performance as each policy must be executed for every relevant query.,"Table \`public.friend_activities\` has multiple permissive policies for role \`anon\` for action \`INSERT\`. Policies include \`{""Users can insert own activities"",friend_activities_owner_insert}\`",https://supabase.com/docs/guides/database/database-linter?lint=0006_multiple_permissive_policies,"{""name"":""friend_activities"",""type"":""table"",""schema"":""public""}",multiple_permissive_policies_public_friend_activities_anon_INSERT
multiple_permissive_policies,Multiple Permissive Policies,WARN,EXTERNAL,"[""PERFORMANCE""]",Detects if multiple permissive row level security policies are present on a table for the same \`role\` and \`action\` (e.g. insert). Multiple permissive policies are suboptimal for performance as each policy must be executed for every relevant query.,"Table \`public.friend_activities\` has multiple permissive policies for role \`anon\` for action \`SELECT\`. Policies include \`{""Users can view friend activities"",friend_activities_owner_select}\`",https://supabase.com/docs/guides/database/database-linter?lint=0006_multiple_permissive_policies,"{""name"":""friend_activities"",""type"":""table"",""schema"":""public""}",multiple_permissive_policies_public_friend_activities_anon_SELECT
multiple_permissive_policies,Multiple Permissive Policies,WARN,EXTERNAL,"[""PERFORMANCE""]",Detects if multiple permissive row level security policies are present on a table for the same \`role\` and \`action\` (e.g. insert). Multiple permissive policies are suboptimal for performance as each policy must be executed for every relevant query.,"Table \`public.friend_activities\` has multiple permissive policies for role \`authenticated\` for action \`INSERT\`. Policies include \`{""Users can insert own activities"",friend_activities_owner_insert}\`",https://supabase.com/docs/guides/database/database-linter?lint=0006_multiple_permissive_policies,"{""name"":""friend_activities"",""type"":""table"",""schema"":""public""}",multiple_permissive_policies_public_friend_activities_authenticated_INSERT
multiple_permissive_policies,Multiple Permissive Policies,WARN,EXTERNAL,"[""PERFORMANCE""]",Detects if multiple permissive row level security policies are present on a table for the same \`role\` and \`action\` (e.g. insert). Multiple permissive policies are suboptimal for performance as each policy must be executed for every relevant query.,"Table \`public.friend_activities\` has multiple permissive policies for role \`authenticated\` for action \`SELECT\`. Policies include \`{""Users can view friend activities"",friend_activities_owner_select}\`",https://supabase.com/docs/guides/database/database-linter?lint=0006_multiple_permissive_policies,"{""name"":""friend_activities"",""type"":""table"",""schema"":""public""}",multiple_permissive_policies_public_friend_activities_authenticated_SELECT
multiple_permissive_policies,Multiple Permissive Policies,WARN,EXTERNAL,"[""PERFORMANCE""]",Detects if multiple permissive row level security policies are present on a table for the same \`role\` and \`action\` (e.g. insert). Multiple permissive policies are suboptimal for performance as each policy must be executed for every relevant query.,"Table \`public.friend_activities\` has multiple permissive policies for role \`authenticator\` for action \`INSERT\`. Policies include \`{""Users can insert own activities"",friend_activities_owner_insert}\`",https://supabase.com/docs/guides/database/database-linter?lint=0006_multiple_permissive_policies,"{""name"":""friend_activities"",""type"":""table"",""schema"":""public""}",multiple_permissive_policies_public_friend_activities_authenticator_INSERT
multiple_permissive_policies,Multiple Permissive Policies,WARN,EXTERNAL,"[""PERFORMANCE""]",Detects if multiple permissive row level security policies are present on a table for the same \`role\` and \`action\` (e.g. insert). Multiple permissive policies are suboptimal for performance as each policy must be executed for every relevant query.,"Table \`public.friend_activities\` has multiple permissive policies for role \`authenticator\` for action \`SELECT\`. Policies include \`{""Users can view friend activities"",friend_activities_owner_select}\`",https://supabase.com/docs/guides/database/database-linter?lint=0006_multiple_permissive_policies,"{""name"":""friend_activities"",""type"":""table"",""schema"":""public""}",multiple_permissive_policies_public_friend_activities_authenticator_SELECT
multiple_permissive_policies,Multiple Permissive Policies,WARN,EXTERNAL,"[""PERFORMANCE""]",Detects if multiple permissive row level security policies are present on a table for the same \`role\` and \`action\` (e.g. insert). Multiple permissive policies are suboptimal for performance as each policy must be executed for every relevant query.,"Table \`public.friend_activities\` has multiple permissive policies for role \`dashboard_user\` for action \`INSERT\`. Policies include \`{""Users can insert own activities"",friend_activities_owner_insert}\`",https://supabase.com/docs/guides/database/database-linter?lint=0006_multiple_permissive_policies,"{""name"":""friend_activities"",""type"":""table"",""schema"":""public""}",multiple_permissive_policies_public_friend_activities_dashboard_user_INSERT
multiple_permissive_policies,Multiple Permissive Policies,WARN,EXTERNAL,"[""PERFORMANCE""]",Detects if multiple permissive row level security policies are present on a table for the same \`role\` and \`action\` (e.g. insert). Multiple permissive policies are suboptimal for performance as each policy must be executed for every relevant query.,"Table \`public.friend_activities\` has multiple permissive policies for role \`dashboard_user\` for action \`SELECT\`. Policies include \`{""Users can view friend activities"",friend_activities_owner_select}\`",https://supabase.com/docs/guides/database/database-linter?lint=0006_multiple_permissive_policies,"{""name"":""friend_activities"",""type"":""table"",""schema"":""public""}",multiple_permissive_policies_public_friend_activities_dashboard_user_SELECT
multiple_permissive_policies,Multiple Permissive Policies,WARN,EXTERNAL,"[""PERFORMANCE""]",Detects if multiple permissive row level security policies are present on a table for the same \`role\` and \`action\` (e.g. insert). Multiple permissive policies are suboptimal for performance as each policy must be executed for every relevant query.,"Table \`public.friendships\` has multiple permissive policies for role \`anon\` for action \`DELETE\`. Policies include \`{""Users can delete own friendships"",friendships_participants_delete}\`",https://supabase.com/docs/guides/database/database-linter?lint=0006_multiple_permissive_policies,"{""name"":""friendships"",""type"":""table"",""schema"":""public""}",multiple_permissive_policies_public_friendships_anon_DELETE
multiple_permissive_policies,Multiple Permissive Policies,WARN,EXTERNAL,"[""PERFORMANCE""]",Detects if multiple permissive row level security policies are present on a table for the same \`role\` and \`action\` (e.g. insert). Multiple permissive policies are suboptimal for performance as each policy must be executed for every relevant query.,"Table \`public.friendships\` has multiple permissive policies for role \`anon\` for action \`INSERT\`. Policies include \`{""Users can create friendships"",friendships_participants_insert}\`",https://supabase.com/docs/guides/database/database-linter?lint=0006_multiple_permissive_policies,"{""name"":""friendships"",""type"":""table"",""schema"":""public""}",multiple_permissive_policies_public_friendships_anon_INSERT
multiple_permissive_policies,Multiple Permissive Policies,WARN,EXTERNAL,"[""PERFORMANCE""]",Detects if multiple permissive row level security policies are present on a table for the same \`role\` and \`action\` (e.g. insert). Multiple permissive policies are suboptimal for performance as each policy must be executed for every relevant query.,"Table \`public.friendships\` has multiple permissive policies for role \`anon\` for action \`SELECT\`. Policies include \`{""Users can view own friendships"",friendships_participants_select}\`",https://supabase.com/docs/guides/database/database-linter?lint=0006_multiple_permissive_policies,"{""name"":""friendships"",""type"":""table"",""schema"":""public""}",multiple_permissive_policies_public_friendships_anon_SELECT
multiple_permissive_policies,Multiple Permissive Policies,WARN,EXTERNAL,"[""PERFORMANCE""]",Detects if multiple permissive row level security policies are present on a table for the same \`role\` and \`action\` (e.g. insert). Multiple permissive policies are suboptimal for performance as each policy must be executed for every relevant query.,"Table \`public.friendships\` has multiple permissive policies for role \`anon\` for action \`UPDATE\`. Policies include \`{""Users can update own friendships"",friendships_participants_update}\`",https://supabase.com/docs/guides/database/database-linter?lint=0006_multiple_permissive_policies,"{""name"":""friendships"",""type"":""table"",""schema"":""public""}",multiple_permissive_policies_public_friendships_anon_UPDATE
multiple_permissive_policies,Multiple Permissive Policies,WARN,EXTERNAL,"[""PERFORMANCE""]",Detects if multiple permissive row level security policies are present on a table for the same \`role\` and \`action\` (e.g. insert). Multiple permissive policies are suboptimal for performance as each policy must be executed for every relevant query.,"Table \`public.friendships\` has multiple permissive policies for role \`authenticated\` for action \`DELETE\`. Policies include \`{""Users can delete own friendships"",friendships_participants_delete}\`",https://supabase.com/docs/guides/database/database-linter?lint=0006_multiple_permissive_policies,"{""name"":""friendships"",""type"":""table"",""schema"":""public""}",multiple_permissive_policies_public_friendships_authenticated_DELETE
multiple_permissive_policies,Multiple Permissive Policies,WARN,EXTERNAL,"[""PERFORMANCE""]",Detects if multiple permissive row level security policies are present on a table for the same \`role\` and \`action\` (e.g. insert). Multiple permissive policies are suboptimal for performance as each policy must be executed for every relevant query.,"Table \`public.friendships\` has multiple permissive policies for role \`authenticated\` for action \`INSERT\`. Policies include \`{""Users can create friendships"",friendships_participants_insert}\`",https://supabase.com/docs/guides/database/database-linter?lint=0006_multiple_permissive_policies,"{""name"":""friendships"",""type"":""table"",""schema"":""public""}",multiple_permissive_policies_public_friendships_authenticated_INSERT
multiple_permissive_policies,Multiple Permissive Policies,WARN,EXTERNAL,"[""PERFORMANCE""]",Detects if multiple permissive row level security policies are present on a table for the same \`role\` and \`action\` (e.g. insert). Multiple permissive policies are suboptimal for performance as each policy must be executed for every relevant query.,"Table \`public.friendships\` has multiple permissive policies for role \`authenticated\` for action \`SELECT\`. Policies include \`{""Users can view own friendships"",friendships_participants_select}\`",https://supabase.com/docs/guides/database/database-linter?lint=0006_multiple_permissive_policies,"{""name"":""friendships"",""type"":""table"",""schema"":""public""}",multiple_permissive_policies_public_friendships_authenticated_SELECT
multiple_permissive_policies,Multiple Permissive Policies,WARN,EXTERNAL,"[""PERFORMANCE""]",Detects if multiple permissive row level security policies are present on a table for the same \`role\` and \`action\` (e.g. insert). Multiple permissive policies are suboptimal for performance as each policy must be executed for every relevant query.,"Table \`public.friendships\` has multiple permissive policies for role \`authenticated\` for action \`UPDATE\`. Policies include \`{""Users can update own friendships"",friendships_participants_update}\`",https://supabase.com/docs/guides/database/database-linter?lint=0006_multiple_permissive_policies,"{""name"":""friendships"",""type"":""table"",""schema"":""public""}",multiple_permissive_policies_public_friendships_authenticated_UPDATE
multiple_permissive_policies,Multiple Permissive Policies,WARN,EXTERNAL,"[""PERFORMANCE""]",Detects if multiple permissive row level security policies are present on a table for the same \`role\` and \`action\` (e.g. insert). Multiple permissive policies are suboptimal for performance as each policy must be executed for every relevant query.,"Table \`public.friendships\` has multiple permissive policies for role \`authenticator\` for action \`DELETE\`. Policies include \`{""Users can delete own friendships"",friendships_participants_delete}\`",https://supabase.com/docs/guides/database/database-linter?lint=0006_multiple_permissive_policies,"{""name"":""friendships"",""type"":""table"",""schema"":""public""}",multiple_permissive_policies_public_friendships_authenticator_DELETE
multiple_permissive_policies,Multiple Permissive Policies,WARN,EXTERNAL,"[""PERFORMANCE""]",Detects if multiple permissive row level security policies are present on a table for the same \`role\` and \`action\` (e.g. insert). Multiple permissive policies are suboptimal for performance as each policy must be executed for every relevant query.,"Table \`public.friendships\` has multiple permissive policies for role \`authenticator\` for action \`INSERT\`. Policies include \`{""Users can create friendships"",friendships_participants_insert}\`",https://supabase.com/docs/guides/database/database-linter?lint=0006_multiple_permissive_policies,"{""name"":""friendships"",""type"":""table"",""schema"":""public""}",multiple_permissive_policies_public_friendships_authenticator_INSERT
multiple_permissive_policies,Multiple Permissive Policies,WARN,EXTERNAL,"[""PERFORMANCE""]",Detects if multiple permissive row level security policies are present on a table for the same \`role\` and \`action\` (e.g. insert). Multiple permissive policies are suboptimal for performance as each policy must be executed for every relevant query.,"Table \`public.friendships\` has multiple permissive policies for role \`authenticator\` for action \`SELECT\`. Policies include \`{""Users can view own friendships"",friendships_participants_select}\`",https://supabase.com/docs/guides/database/database-linter?lint=0006_multiple_permissive_policies,"{""name"":""friendships"",""type"":""table"",""schema"":""public""}",multiple_permissive_policies_public_friendships_authenticator_SELECT
multiple_permissive_policies,Multiple Permissive Policies,WARN,EXTERNAL,"[""PERFORMANCE""]",Detects if multiple permissive row level security policies are present on a table for the same \`role\` and \`action\` (e.g. insert). Multiple permissive policies are suboptimal for performance as each policy must be executed for every relevant query.,"Table \`public.friendships\` has multiple permissive policies for role \`authenticator\` for action \`UPDATE\`. Policies include \`{""Users can update own friendships"",friendships_participants_update}\`",https://supabase.com/docs/guides/database/database-linter?lint=0006_multiple_permissive_policies,"{""name"":""friendships"",""type"":""table"",""schema"":""public""}",multiple_permissive_policies_public_friendships_authenticator_UPDATE
multiple_permissive_policies,Multiple Permissive Policies,WARN,EXTERNAL,"[""PERFORMANCE""]",Detects if multiple permissive row level security policies are present on a table for the same \`role\` and \`action\` (e.g. insert). Multiple permissive policies are suboptimal for performance as each policy must be executed for every relevant query.,"Table \`public.friendships\` has multiple permissive policies for role \`dashboard_user\` for action \`DELETE\`. Policies include \`{""Users can delete own friendships"",friendships_participants_delete}\`",https://supabase.com/docs/guides/database/database-linter?lint=0006_multiple_permissive_policies,"{""name"":""friendships"",""type"":""table"",""schema"":""public""}",multiple_permissive_policies_public_friendships_dashboard_user_DELETE
multiple_permissive_policies,Multiple Permissive Policies,WARN,EXTERNAL,"[""PERFORMANCE""]",Detects if multiple permissive row level security policies are present on a table for the same \`role\` and \`action\` (e.g. insert). Multiple permissive policies are suboptimal for performance as each policy must be executed for every relevant query.,"Table \`public.friendships\` has multiple permissive policies for role \`dashboard_user\` for action \`INSERT\`. Policies include \`{""Users can create friendships"",friendships_participants_insert}\`",https://supabase.com/docs/guides/database/database-linter?lint=0006_multiple_permissive_policies,"{""name"":""friendships"",""type"":""table"",""schema"":""public""}",multiple_permissive_policies_public_friendships_dashboard_user_INSERT
multiple_permissive_policies,Multiple Permissive Policies,WARN,EXTERNAL,"[""PERFORMANCE""]",Detects if multiple permissive row level security policies are present on a table for the same \`role\` and \`action\` (e.g. insert). Multiple permissive policies are suboptimal for performance as each policy must be executed for every relevant query.,"Table \`public.friendships\` has multiple permissive policies for role \`dashboard_user\` for action \`SELECT\`. Policies include \`{""Users can view own friendships"",friendships_participants_select}\`",https://supabase.com/docs/guides/database/database-linter?lint=0006_multiple_permissive_policies,"{""name"":""friendships"",""type"":""table"",""schema"":""public""}",multiple_permissive_policies_public_friendships_dashboard_user_SELECT
multiple_permissive_policies,Multiple Permissive Policies,WARN,EXTERNAL,"[""PERFORMANCE""]",Detects if multiple permissive row level security policies are present on a table for the same \`role\` and \`action\` (e.g. insert). Multiple permissive policies are suboptimal for performance as each policy must be executed for every relevant query.,"Table \`public.friendships\` has multiple permissive policies for role \`dashboard_user\` for action \`UPDATE\`. Policies include \`{""Users can update own friendships"",friendships_participants_update}\`",https://supabase.com/docs/guides/database/database-linter?lint=0006_multiple_permissive_policies,"{""name"":""friendships"",""type"":""table"",""schema"":""public""}",multiple_permissive_policies_public_friendships_dashboard_user_UPDATE
multiple_permissive_policies,Multiple Permissive Policies,WARN,EXTERNAL,"[""PERFORMANCE""]",Detects if multiple permissive row level security policies are present on a table for the same \`role\` and \`action\` (e.g. insert). Multiple permissive policies are suboptimal for performance as each policy must be executed for every relevant query.,"Table \`public.rounds\` has multiple permissive policies for role \`anon\` for action \`DELETE\`. Policies include \`{""Users can delete own rounds"",rounds_owner_delete}\`",https://supabase.com/docs/guides/database/database-linter?lint=0006_multiple_permissive_policies,"{""name"":""rounds"",""type"":""table"",""schema"":""public""}",multiple_permissive_policies_public_rounds_anon_DELETE
multiple_permissive_policies,Multiple Permissive Policies,WARN,EXTERNAL,"[""PERFORMANCE""]",Detects if multiple permissive row level security policies are present on a table for the same \`role\` and \`action\` (e.g. insert). Multiple permissive policies are suboptimal for performance as each policy must be executed for every relevant query.,"Table \`public.rounds\` has multiple permissive policies for role \`anon\` for action \`INSERT\`. Policies include \`{""Users can insert own rounds"",rounds_owner_insert}\`",https://supabase.com/docs/guides/database/database-linter?lint=0006_multiple_permissive_policies,"{""name"":""rounds"",""type"":""table"",""schema"":""public""}",multiple_permissive_policies_public_rounds_anon_INSERT
multiple_permissive_policies,Multiple Permissive Policies,WARN,EXTERNAL,"[""PERFORMANCE""]",Detects if multiple permissive row level security policies are present on a table for the same \`role\` and \`action\` (e.g. insert). Multiple permissive policies are suboptimal for performance as each policy must be executed for every relevant query.,"Table \`public.rounds\` has multiple permissive policies for role \`anon\` for action \`SELECT\`. Policies include \`{""Users can view own rounds"",rounds_owner_select}\`",https://supabase.com/docs/guides/database/database-linter?lint=0006_multiple_permissive_policies,"{""name"":""rounds"",""type"":""table"",""schema"":""public""}",multiple_permissive_policies_public_rounds_anon_SELECT
multiple_permissive_policies,Multiple Permissive Policies,WARN,EXTERNAL,"[""PERFORMANCE""]",Detects if multiple permissive row level security policies are present on a table for the same \`role\` and \`action\` (e.g. insert). Multiple permissive policies are suboptimal for performance as each policy must be executed for every relevant query.,"Table \`public.rounds\` has multiple permissive policies for role \`anon\` for action \`UPDATE\`. Policies include \`{""Users can update own rounds"",rounds_owner_update}\`",https://supabase.com/docs/guides/database/database-linter?lint=0006_multiple_permissive_policies,"{""name"":""rounds"",""type"":""table"",""schema"":""public""}",multiple_permissive_policies_public_rounds_anon_UPDATE
multiple_permissive_policies,Multiple Permissive Policies,WARN,EXTERNAL,"[""PERFORMANCE""]",Detects if multiple permissive row level security policies are present on a table for the same \`role\` and \`action\` (e.g. insert). Multiple permissive policies are suboptimal for performance as each policy must be executed for every relevant query.,"Table \`public.rounds\` has multiple permissive policies for role \`authenticated\` for action \`DELETE\`. Policies include \`{""Users can delete own rounds"",rounds_owner_delete}\`",https://supabase.com/docs/guides/database/database-linter?lint=0006_multiple_permissive_policies,"{""name"":""rounds"",""type"":""table"",""schema"":""public""}",multiple_permissive_policies_public_rounds_authenticated_DELETE
multiple_permissive_policies,Multiple Permissive Policies,WARN,EXTERNAL,"[""PERFORMANCE""]",Detects if multiple permissive row level security policies are present on a table for the same \`role\` and \`action\` (e.g. insert). Multiple permissive policies are suboptimal for performance as each policy must be executed for every relevant query.,"Table \`public.rounds\` has multiple permissive policies for role \`authenticated\` for action \`INSERT\`. Policies include \`{""Users can insert own rounds"",rounds_owner_insert}\`",https://supabase.com/docs/guides/database/database-linter?lint=0006_multiple_permissive_policies,"{""name"":""rounds"",""type"":""table"",""schema"":""public""}",multiple_permissive_policies_public_rounds_authenticated_INSERT
multiple_permissive_policies,Multiple Permissive Policies,WARN,EXTERNAL,"[""PERFORMANCE""]",Detects if multiple permissive row level security policies are present on a table for the same \`role\` and \`action\` (e.g. insert). Multiple permissive policies are suboptimal for performance as each policy must be executed for every relevant query.,"Table \`public.rounds\` has multiple permissive policies for role \`authenticated\` for action \`SELECT\`. Policies include \`{""Users can view own rounds"",rounds_owner_select}\`",https://supabase.com/docs/guides/database/database-linter?lint=0006_multiple_permissive_policies,"{""name"":""rounds"",""type"":""table"",""schema"":""public""}",multiple_permissive_policies_public_rounds_authenticated_SELECT
multiple_permissive_policies,Multiple Permissive Policies,WARN,EXTERNAL,"[""PERFORMANCE""]",Detects if multiple permissive row level security policies are present on a table for the same \`role\` and \`action\` (e.g. insert). Multiple permissive policies are suboptimal for performance as each policy must be executed for every relevant query.,"Table \`public.rounds\` has multiple permissive policies for role \`authenticated\` for action \`UPDATE\`. Policies include \`{""Users can update own rounds"",rounds_owner_update}\`",https://supabase.com/docs/guides/database/database-linter?lint=0006_multiple_permissive_policies,"{""name"":""rounds"",""type"":""table"",""schema"":""public""}",multiple_permissive_policies_public_rounds_authenticated_UPDATE
multiple_permissive_policies,Multiple Permissive Policies,WARN,EXTERNAL,"[""PERFORMANCE""]",Detects if multiple permissive row level security policies are present on a table for the same \`role\` and \`action\` (e.g. insert). Multiple permissive policies are suboptimal for performance as each policy must be executed for every relevant query.,"Table \`public.rounds\` has multiple permissive policies for role \`authenticator\` for action \`DELETE\`. Policies include \`{""Users can delete own rounds"",rounds_owner_delete}\`",https://supabase.com/docs/guides/database/database-linter?lint=0006_multiple_permissive_policies,"{""name"":""rounds"",""type"":""table"",""schema"":""public""}",multiple_permissive_policies_public_rounds_authenticator_DELETE
multiple_permissive_policies,Multiple Permissive Policies,WARN,EXTERNAL,"[""PERFORMANCE""]",Detects if multiple permissive row level security policies are present on a table for the same \`role\` and \`action\` (e.g. insert). Multiple permissive policies are suboptimal for performance as each policy must be executed for every relevant query.,"Table \`public.rounds\` has multiple permissive policies for role \`authenticator\` for action \`INSERT\`. Policies include \`{""Users can insert own rounds"",rounds_owner_insert}\`",https://supabase.com/docs/guides/database/database-linter?lint=0006_multiple_permissive_policies,"{""name"":""rounds"",""type"":""table"",""schema"":""public""}",multiple_permissive_policies_public_rounds_authenticator_INSERT
multiple_permissive_policies,Multiple Permissive Policies,WARN,EXTERNAL,"[""PERFORMANCE""]",Detects if multiple permissive row level security policies are present on a table for the same \`role\` and \`action\` (e.g. insert). Multiple permissive policies are suboptimal for performance as each policy must be executed for every relevant query.,"Table \`public.rounds\` has multiple permissive policies for role \`authenticator\` for action \`SELECT\`. Policies include \`{""Users can view own rounds"",rounds_owner_select}\`",https://supabase.com/docs/guides/database/database-linter?lint=0006_multiple_permissive_policies,"{""name"":""rounds"",""type"":""table"",""schema"":""public""}",multiple_permissive_policies_public_rounds_authenticator_SELECT
multiple_permissive_policies,Multiple Permissive Policies,WARN,EXTERNAL,"[""PERFORMANCE""]",Detects if multiple permissive row level security policies are present on a table for the same \`role\` and \`action\` (e.g. insert). Multiple permissive policies are suboptimal for performance as each policy must be executed for every relevant query.,"Table \`public.rounds\` has multiple permissive policies for role \`authenticator\` for action \`UPDATE\`. Policies include \`{""Users can update own rounds"",rounds_owner_update}\`",https://supabase.com/docs/guides/database/database-linter?lint=0006_multiple_permissive_policies,"{""name"":""rounds"",""type"":""table"",""schema"":""public""}",multiple_permissive_policies_public_rounds_authenticator_UPDATE
multiple_permissive_policies,Multiple Permissive Policies,WARN,EXTERNAL,"[""PERFORMANCE""]",Detects if multiple permissive row level security policies are present on a table for the same \`role\` and \`action\` (e.g. insert). Multiple permissive policies are suboptimal for performance as each policy must be executed for every relevant query.,"Table \`public.rounds\` has multiple permissive policies for role \`dashboard_user\` for action \`DELETE\`. Policies include \`{""Users can delete own rounds"",rounds_owner_delete}\`",https://supabase.com/docs/guides/database/database-linter?lint=0006_multiple_permissive_policies,"{""name"":""rounds"",""type"":""table"",""schema"":""public""}",multiple_permissive_policies_public_rounds_dashboard_user_DELETE
multiple_permissive_policies,Multiple Permissive Policies,WARN,EXTERNAL,"[""PERFORMANCE""]",Detects if multiple permissive row level security policies are present on a table for the same \`role\` and \`action\` (e.g. insert). Multiple permissive policies are suboptimal for performance as each policy must be executed for every relevant query.,"Table \`public.rounds\` has multiple permissive policies for role \`dashboard_user\` for action \`INSERT\`. Policies include \`{""Users can insert own rounds"",rounds_owner_insert}\`",https://supabase.com/docs/guides/database/database-linter?lint=0006_multiple_permissive_policies,"{""name"":""rounds"",""type"":""table"",""schema"":""public""}",multiple_permissive_policies_public_rounds_dashboard_user_INSERT
multiple_permissive_policies,Multiple Permissive Policies,WARN,EXTERNAL,"[""PERFORMANCE""]",Detects if multiple permissive row level security policies are present on a table for the same \`role\` and \`action\` (e.g. insert). Multiple permissive policies are suboptimal for performance as each policy must be executed for every relevant query.,"Table \`public.rounds\` has multiple permissive policies for role \`dashboard_user\` for action \`SELECT\`. Policies include \`{""Users can view own rounds"",rounds_owner_select}\`",https://supabase.com/docs/guides/database/database-linter?lint=0006_multiple_permissive_policies,"{""name"":""rounds"",""type"":""table"",""schema"":""public""}",multiple_permissive_policies_public_rounds_dashboard_user_SELECT
multiple_permissive_policies,Multiple Permissive Policies,WARN,EXTERNAL,"[""PERFORMANCE""]",Detects if multiple permissive row level security policies are present on a table for the same \`role\` and \`action\` (e.g. insert). Multiple permissive policies are suboptimal for performance as each policy must be executed for every relevant query.,"Table \`public.rounds\` has multiple permissive policies for role \`dashboard_user\` for action \`UPDATE\`. Policies include \`{""Users can update own rounds"",rounds_owner_update}\`",https://supabase.com/docs/guides/database/database-linter?lint=0006_multiple_permissive_policies,"{""name"":""rounds"",""type"":""table"",""schema"":""public""}",multiple_permissive_policies_public_rounds_dashboard_user_UPDATE
multiple_permissive_policies,Multiple Permissive Policies,WARN,EXTERNAL,"[""PERFORMANCE""]",Detects if multiple permissive row level security policies are present on a table for the same \`role\` and \`action\` (e.g. insert). Multiple permissive policies are suboptimal for performance as each policy must be executed for every relevant query.,"Table \`public.scores\` has multiple permissive policies for role \`anon\` for action \`DELETE\`. Policies include \`{""Users can delete own scores"",scores_owner_delete}\`",https://supabase.com/docs/guides/database/database-linter?lint=0006_multiple_permissive_policies,"{""name"":""scores"",""type"":""table"",""schema"":""public""}",multiple_permissive_policies_public_scores_anon_DELETE
multiple_permissive_policies,Multiple Permissive Policies,WARN,EXTERNAL,"[""PERFORMANCE""]",Detects if multiple permissive row level security policies are present on a table for the same \`role\` and \`action\` (e.g. insert). Multiple permissive policies are suboptimal for performance as each policy must be executed for every relevant query.,"Table \`public.scores\` has multiple permissive policies for role \`anon\` for action \`INSERT\`. Policies include \`{""Users can insert own scores"",scores_owner_insert}\`",https://supabase.com/docs/guides/database/database-linter?lint=0006_multiple_permissive_policies,"{""name"":""scores"",""type"":""table"",""schema"":""public""}",multiple_permissive_policies_public_scores_anon_INSERT
multiple_permissive_policies,Multiple Permissive Policies,WARN,EXTERNAL,"[""PERFORMANCE""]",Detects if multiple permissive row level security policies are present on a table for the same \`role\` and \`action\` (e.g. insert). Multiple permissive policies are suboptimal for performance as each policy must be executed for every relevant query.,"Table \`public.scores\` has multiple permissive policies for role \`anon\` for action \`SELECT\`. Policies include \`{""Users can view own scores"",scores_owner_select}\`",https://supabase.com/docs/guides/database/database-linter?lint=0006_multiple_permissive_policies,"{""name"":""scores"",""type"":""table"",""schema"":""public""}",multiple_permissive_policies_public_scores_anon_SELECT
multiple_permissive_policies,Multiple Permissive Policies,WARN,EXTERNAL,"[""PERFORMANCE""]",Detects if multiple permissive row level security policies are present on a table for the same \`role\` and \`action\` (e.g. insert). Multiple permissive policies are suboptimal for performance as each policy must be executed for every relevant query.,"Table \`public.scores\` has multiple permissive policies for role \`anon\` for action \`UPDATE\`. Policies include \`{""Users can update own scores"",scores_owner_update}\`",https://supabase.com/docs/guides/database/database-linter?lint=0006_multiple_permissive_policies,"{""name"":""scores"",""type"":""table"",""schema"":""public""}",multiple_permissive_policies_public_scores_anon_UPDATE
multiple_permissive_policies,Multiple Permissive Policies,WARN,EXTERNAL,"[""PERFORMANCE""]",Detects if multiple permissive row level security policies are present on a table for the same \`role\` and \`action\` (e.g. insert). Multiple permissive policies are suboptimal for performance as each policy must be executed for every relevant query.,"Table \`public.scores\` has multiple permissive policies for role \`authenticated\` for action \`DELETE\`. Policies include \`{""Users can delete own scores"",scores_owner_delete}\`",https://supabase.com/docs/guides/database/database-linter?lint=0006_multiple_permissive_policies,"{""name"":""scores"",""type"":""table"",""schema"":""public""}",multiple_permissive_policies_public_scores_authenticated_DELETE
multiple_permissive_policies,Multiple Permissive Policies,WARN,EXTERNAL,"[""PERFORMANCE""]",Detects if multiple permissive row level security policies are present on a table for the same \`role\` and \`action\` (e.g. insert). Multiple permissive policies are suboptimal for performance as each policy must be executed for every relevant query.,"Table \`public.scores\` has multiple permissive policies for role \`authenticated\` for action \`INSERT\`. Policies include \`{""Users can insert own scores"",scores_owner_insert}\`",https://supabase.com/docs/guides/database/database-linter?lint=0006_multiple_permissive_policies,"{""name"":""scores"",""type"":""table"",""schema"":""public""}",multiple_permissive_policies_public_scores_authenticated_INSERT
multiple_permissive_policies,Multiple Permissive Policies,WARN,EXTERNAL,"[""PERFORMANCE""]",Detects if multiple permissive row level security policies are present on a table for the same \`role\` and \`action\` (e.g. insert). Multiple permissive policies are suboptimal for performance as each policy must be executed for every relevant query.,"Table \`public.scores\` has multiple permissive policies for role \`authenticated\` for action \`SELECT\`. Policies include \`{""Users can view own scores"",scores_owner_select}\`",https://supabase.com/docs/guides/database/database-linter?lint=0006_multiple_permissive_policies,"{""name"":""scores"",""type"":""table"",""schema"":""public""}",multiple_permissive_policies_public_scores_authenticated_SELECT
multiple_permissive_policies,Multiple Permissive Policies,WARN,EXTERNAL,"[""PERFORMANCE""]",Detects if multiple permissive row level security policies are present on a table for the same \`role\` and \`action\` (e.g. insert). Multiple permissive policies are suboptimal for performance as each policy must be executed for every relevant query.,"Table \`public.scores\` has multiple permissive policies for role \`authenticated\` for action \`UPDATE\`. Policies include \`{""Users can update own scores"",scores_owner_update}\`",https://supabase.com/docs/guides/database/database-linter?lint=0006_multiple_permissive_policies,"{""name"":""scores"",""type"":""table"",""schema"":""public""}",multiple_permissive_policies_public_scores_authenticated_UPDATE
multiple_permissive_policies,Multiple Permissive Policies,WARN,EXTERNAL,"[""PERFORMANCE""]",Detects if multiple permissive row level security policies are present on a table for the same \`role\` and \`action\` (e.g. insert). Multiple permissive policies are suboptimal for performance as each policy must be executed for every relevant query.,"Table \`public.scores\` has multiple permissive policies for role \`authenticator\` for action \`DELETE\`. Policies include \`{""Users can delete own scores"",scores_owner_delete}\`",https://supabase.com/docs/guides/database/database-linter?lint=0006_multiple_permissive_policies,"{""name"":""scores"",""type"":""table"",""schema"":""public""}",multiple_permissive_policies_public_scores_authenticator_DELETE
multiple_permissive_policies,Multiple Permissive Policies,WARN,EXTERNAL,"[""PERFORMANCE""]",Detects if multiple permissive row level security policies are present on a table for the same \`role\` and \`action\` (e.g. insert). Multiple permissive policies are suboptimal for performance as each policy must be executed for every relevant query.,"Table \`public.scores\` has multiple permissive policies for role \`authenticator\` for action \`INSERT\`. Policies include \`{""Users can insert own scores"",scores_owner_insert}\`",https://supabase.com/docs/guides/database/database-linter?lint=0006_multiple_permissive_policies,"{""name"":""scores"",""type"":""table"",""schema"":""public""}",multiple_permissive_policies_public_scores_authenticator_INSERT
multiple_permissive_policies,Multiple Permissive Policies,WARN,EXTERNAL,"[""PERFORMANCE""]",Detects if multiple permissive row level security policies are present on a table for the same \`role\` and \`action\` (e.g. insert). Multiple permissive policies are suboptimal for performance as each policy must be executed for every relevant query.,"Table \`public.scores\` has multiple permissive policies for role \`authenticator\` for action \`SELECT\`. Policies include \`{""Users can view own scores"",scores_owner_select}\`",https://supabase.com/docs/guides/database/database-linter?lint=0006_multiple_permissive_policies,"{""name"":""scores"",""type"":""table"",""schema"":""public""}",multiple_permissive_policies_public_scores_authenticator_SELECT
multiple_permissive_policies,Multiple Permissive Policies,WARN,EXTERNAL,"[""PERFORMANCE""]",Detects if multiple permissive row level security policies are present on a table for the same \`role\` and \`action\` (e.g. insert). Multiple permissive policies are suboptimal for performance as each policy must be executed for every relevant query.,"Table \`public.scores\` has multiple permissive policies for role \`authenticator\` for action \`UPDATE\`. Policies include \`{""Users can update own scores"",scores_owner_update}\`",https://supabase.com/docs/guides/database/database-linter?lint=0006_multiple_permissive_policies,"{""name"":""scores"",""type"":""table"",""schema"":""public""}",multiple_permissive_policies_public_scores_authenticator_UPDATE
multiple_permissive_policies,Multiple Permissive Policies,WARN,EXTERNAL,"[""PERFORMANCE""]",Detects if multiple permissive row level security policies are present on a table for the same \`role\` and \`action\` (e.g. insert). Multiple permissive policies are suboptimal for performance as each policy must be executed for every relevant query.,"Table \`public.scores\` has multiple permissive policies for role \`dashboard_user\` for action \`DELETE\`. Policies include \`{""Users can delete own scores"",scores_owner_delete}\`",https://supabase.com/docs/guides/database/database-linter?lint=0006_multiple_permissive_policies,"{""name"":""scores"",""type"":""table"",""schema"":""public""}",multiple_permissive_policies_public_scores_dashboard_user_DELETE
multiple_permissive_policies,Multiple Permissive Policies,WARN,EXTERNAL,"[""PERFORMANCE""]",Detects if multiple permissive row level security policies are present on a table for the same \`role\` and \`action\` (e.g. insert). Multiple permissive policies are suboptimal for performance as each policy must be executed for every relevant query.,"Table \`public.scores\` has multiple permissive policies for role \`dashboard_user\` for action \`INSERT\`. Policies include \`{""Users can insert own scores"",scores_owner_insert}\`",https://supabase.com/docs/guides/database/database-linter?lint=0006_multiple_permissive_policies,"{""name"":""scores"",""type"":""table"",""schema"":""public""}",multiple_permissive_policies_public_scores_dashboard_user_INSERT
multiple_permissive_policies,Multiple Permissive Policies,WARN,EXTERNAL,"[""PERFORMANCE""]",Detects if multiple permissive row level security policies are present on a table for the same \`role\` and \`action\` (e.g. insert). Multiple permissive policies are suboptimal for performance as each policy must be executed for every relevant query.,"Table \`public.scores\` has multiple permissive policies for role \`dashboard_user\` for action \`SELECT\`. Policies include \`{""Users can view own scores"",scores_owner_select}\`",https://supabase.com/docs/guides/database/database-linter?lint=0006_multiple_permissive_policies,"{""name"":""scores"",""type"":""table"",""schema"":""public""}",multiple_permissive_policies_public_scores_dashboard_user_SELECT
multiple_permissive_policies,Multiple Permissive Policies,WARN,EXTERNAL,"[""PERFORMANCE""]",Detects if multiple permissive row level security policies are present on a table for the same \`role\` and \`action\` (e.g. insert). Multiple permissive policies are suboptimal for performance as each policy must be executed for every relevant query.,"Table \`public.scores\` has multiple permissive policies for role \`dashboard_user\` for action \`UPDATE\`. Policies include \`{""Users can update own scores"",scores_owner_update}\`",https://supabase.com/docs/guides/database/database-linter?lint=0006_multiple_permissive_policies,"{""name"":""scores"",""type"":""table"",""schema"":""public""}",multiple_permissive_policies_public_scores_dashboard_user_UPDATE
multiple_permissive_policies,Multiple Permissive Policies,WARN,EXTERNAL,"[""PERFORMANCE""]",Detects if multiple permissive row level security policies are present on a table for the same \`role\` and \`action\` (e.g. insert). Multiple permissive policies are suboptimal for performance as each policy must be executed for every relevant query.,"Table \`public.user_profiles\` has multiple permissive policies for role \`anon\` for action \`INSERT\`. Policies include \`{""Users can insert own profile"",profile_owner_insert}\`",https://supabase.com/docs/guides/database/database-linter?lint=0006_multiple_permissive_policies,"{""name"":""user_profiles"",""type"":""table"",""schema"":""public""}",multiple_permissive_policies_public_user_profiles_anon_INSERT
multiple_permissive_policies,Multiple Permissive Policies,WARN,EXTERNAL,"[""PERFORMANCE""]",Detects if multiple permissive row level security policies are present on a table for the same \`role\` and \`action\` (e.g. insert). Multiple permissive policies are suboptimal for performance as each policy must be executed for every relevant query.,"Table \`public.user_profiles\` has multiple permissive policies for role \`anon\` for action \`SELECT\`. Policies include \`{""Users can view own profile"",profile_owner_select}\`",https://supabase.com/docs/guides/database/database-linter?lint=0006_multiple_permissive_policies,"{""name"":""user_profiles"",""type"":""table"",""schema"":""public""}",multiple_permissive_policies_public_user_profiles_anon_SELECT
multiple_permissive_policies,Multiple Permissive Policies,WARN,EXTERNAL,"[""PERFORMANCE""]",Detects if multiple permissive row level security policies are present on a table for the same \`role\` and \`action\` (e.g. insert). Multiple permissive policies are suboptimal for performance as each policy must be executed for every relevant query.,"Table \`public.user_profiles\` has multiple permissive policies for role \`anon\` for action \`UPDATE\`. Policies include \`{""Users can update own profile"",profile_owner_write}\`",https://supabase.com/docs/guides/database/database-linter?lint=0006_multiple_permissive_policies,"{""name"":""user_profiles"",""type"":""table"",""schema"":""public""}",multiple_permissive_policies_public_user_profiles_anon_UPDATE
multiple_permissive_policies,Multiple Permissive Policies,WARN,EXTERNAL,"[""PERFORMANCE""]",Detects if multiple permissive row level security policies are present on a table for the same \`role\` and \`action\` (e.g. insert). Multiple permissive policies are suboptimal for performance as each policy must be executed for every relevant query.,"Table \`public.user_profiles\` has multiple permissive policies for role \`authenticated\` for action \`INSERT\`. Policies include \`{""Users can insert own profile"",profile_owner_insert}\`",https://supabase.com/docs/guides/database/database-linter?lint=0006_multiple_permissive_policies,"{""name"":""user_profiles"",""type"":""table"",""schema"":""public""}",multiple_permissive_policies_public_user_profiles_authenticated_INSERT
multiple_permissive_policies,Multiple Permissive Policies,WARN,EXTERNAL,"[""PERFORMANCE""]",Detects if multiple permissive row level security policies are present on a table for the same \`role\` and \`action\` (e.g. insert). Multiple permissive policies are suboptimal for performance as each policy must be executed for every relevant query.,"Table \`public.user_profiles\` has multiple permissive policies for role \`authenticated\` for action \`SELECT\`. Policies include \`{""Users can view own profile"",profile_owner_select}\`",https://supabase.com/docs/guides/database/database-linter?lint=0006_multiple_permissive_policies,"{""name"":""user_profiles"",""type"":""table"",""schema"":""public""}",multiple_permissive_policies_public_user_profiles_authenticated_SELECT
multiple_permissive_policies,Multiple Permissive Policies,WARN,EXTERNAL,"[""PERFORMANCE""]",Detects if multiple permissive row level security policies are present on a table for the same \`role\` and \`action\` (e.g. insert). Multiple permissive policies are suboptimal for performance as each policy must be executed for every relevant query.,"Table \`public.user_profiles\` has multiple permissive policies for role \`authenticated\` for action \`UPDATE\`. Policies include \`{""Users can update own profile"",profile_owner_write}\`",https://supabase.com/docs/guides/database/database-linter?lint=0006_multiple_permissive_policies,"{""name"":""user_profiles"",""type"":""table"",""schema"":""public""}",multiple_permissive_policies_public_user_profiles_authenticated_UPDATE
multiple_permissive_policies,Multiple Permissive Policies,WARN,EXTERNAL,"[""PERFORMANCE""]",Detects if multiple permissive row level security policies are present on a table for the same \`role\` and \`action\` (e.g. insert). Multiple permissive policies are suboptimal for performance as each policy must be executed for every relevant query.,"Table \`public.user_profiles\` has multiple permissive policies for role \`authenticator\` for action \`INSERT\`. Policies include \`{""Users can insert own profile"",profile_owner_insert}\`",https://supabase.com/docs/guides/database/database-linter?lint=0006_multiple_permissive_policies,"{""name"":""user_profiles"",""type"":""table"",""schema"":""public""}",multiple_permissive_policies_public_user_profiles_authenticator_INSERT
multiple_permissive_policies,Multiple Permissive Policies,WARN,EXTERNAL,"[""PERFORMANCE""]",Detects if multiple permissive row level security policies are present on a table for the same \`role\` and \`action\` (e.g. insert). Multiple permissive policies are suboptimal for performance as each policy must be executed for every relevant query.,"Table \`public.user_profiles\` has multiple permissive policies for role \`authenticator\` for action \`SELECT\`. Policies include \`{""Users can view own profile"",profile_owner_select}\`",https://supabase.com/docs/guides/database/database-linter?lint=0006_multiple_permissive_policies,"{""name"":""user_profiles"",""type"":""table"",""schema"":""public""}",multiple_permissive_policies_public_user_profiles_authenticator_SELECT
multiple_permissive_policies,Multiple Permissive Policies,WARN,EXTERNAL,"[""PERFORMANCE""]",Detects if multiple permissive row level security policies are present on a table for the same \`role\` and \`action\` (e.g. insert). Multiple permissive policies are suboptimal for performance as each policy must be executed for every relevant query.,"Table \`public.user_profiles\` has multiple permissive policies for role \`authenticator\` for action \`UPDATE\`. Policies include \`{""Users can update own profile"",profile_owner_write}\`",https://supabase.com/docs/guides/database/database-linter?lint=0006_multiple_permissive_policies,"{""name"":""user_profiles"",""type"":""table"",""schema"":""public""}",multiple_permissive_policies_public_user_profiles_authenticator_UPDATE
multiple_permissive_policies,Multiple Permissive Policies,WARN,EXTERNAL,"[""PERFORMANCE""]",Detects if multiple permissive row level security policies are present on a table for the same \`role\` and \`action\` (e.g. insert). Multiple permissive policies are suboptimal for performance as each policy must be executed for every relevant query.,"Table \`public.user_profiles\` has multiple permissive policies for role \`dashboard_user\` for action \`INSERT\`. Policies include \`{""Users can insert own profile"",profile_owner_insert}\`",https://supabase.com/docs/guides/database/database-linter?lint=0006_multiple_permissive_policies,"{""name"":""user_profiles"",""type"":""table"",""schema"":""public""}",multiple_permissive_policies_public_user_profiles_dashboard_user_INSERT
multiple_permissive_policies,Multiple Permissive Policies,WARN,EXTERNAL,"[""PERFORMANCE""]",Detects if multiple permissive row level security policies are present on a table for the same \`role\` and \`action\` (e.g. insert). Multiple permissive policies are suboptimal for performance as each policy must be executed for every relevant query.,"Table \`public.user_profiles\` has multiple permissive policies for role \`dashboard_user\` for action \`SELECT\`. Policies include \`{""Users can view own profile"",profile_owner_select}\`",https://supabase.com/docs/guides/database/database-linter?lint=0006_multiple_permissive_policies,"{""name"":""user_profiles"",""type"":""table"",""schema"":""public""}",multiple_permissive_policies_public_user_profiles_dashboard_user_SELECT
multiple_permissive_policies,Multiple Permissive Policies,WARN,EXTERNAL,"[""PERFORMANCE""]",Detects if multiple permissive row level security policies are present on a table for the same \`role\` and \`action\` (e.g. insert). Multiple permissive policies are suboptimal for performance as each policy must be executed for every relevant query.,"Table \`public.user_profiles\` has multiple permissive policies for role \`dashboard_user\` for action \`UPDATE\`. Policies include \`{""Users can update own profile"",profile_owner_write}\`",https://supabase.com/docs/guides/database/database-linter?lint=0006_multiple_permissive_policies,"{""name"":""user_profiles"",""type"":""table"",""schema"":""public""}",multiple_permissive_policies_public_user_profiles_dashboard_user_UPDATE